metric_name,timestamp,metric_value,check,error,error_code,expected_response,group,method,name,proto,scenario,service,status,subproto,tls_version,url,extra_tags,metadata
http_reqs,1682420730,1.0,,,,True,,GET,http://192.168.100.184,HTTP/1.1,default,,200.0,,,http://192.168.100.184,,
http_reqs,1682420730,1.0,,,,True,,GET,http://192.168.100.184,HTTP/1.1,default,,200.0,,,http://192.168.100.184,,
http_reqs,1682420730,1.0,,,,True,,GET,http://192.168.100.184,HTTP/1.1,default,,200.0,,,http://192.168.100.184,,
http_reqs,1682420731,1.0,,,,True,,GET,http://192.168.100.184,HTTP/1.1,default,,200.0,,,http://192.168.100.184,,
http_reqs,1682420731,1.0,,,,True,,GET,http://192.168.100.184,HTTP/1.1,default,,200.0,,,http://192.168.100.184,,
http_reqs,1682420731,1.0,,,,True,,GET,http://192.168.100.184,HTTP/1.1,default,,200.0,,,http://192.168.100.184,,
http_reqs,1682420732,1.0,,,,True,,GET,http://192.168.100.184,HTTP/1.1,default,,200.0,,,http://192.168.100.184,,
http_reqs,1682420732,1.0,,,,True,,GET,http://192.168.100.184,HTTP/1.1,default,,200.0,,,http://192.168.100.184,,
http_reqs,1682420732,1.0,,,,True,,GET,http://192.168.100.184,HTTP/1.1,default,,200.0,,,http://192.168.100.184,,
http_reqs,1682420733,1.0,,,,True,,GET,http://192.168.100.184,HTTP/1.1,default,,200.0,,,http://192.168.100.184,,
http_reqs,1682420733,1.0,,,,True,,GET,http://192.168.100.184,HTTP/1.1,default,,200.0,,,http://192.168.100.184,,
http_reqs,1682420733,1.0,,,,True,,GET,http://192.168.100.184,HTTP/1.1,default,,200.0,,,http://192.168.100.184,,
http_reqs,1682420734,1.0,,,,True,,GET,http://192.168.100.184,HTTP/1.1,default,,200.0,,,http://192.168.100.184,,
http_reqs,1682420734,1.0,,,,True,,GET,http://192.168.100.184,HTTP/1.1,default,,200.0,,,http://192.168.100.184,,
http_reqs,1682420734,1.0,,,,True,,GET,http://192.168.100.184,HTTP/1.1,default,,200.0,,,http://192.168.100.184,,
http_reqs,1682420735,1.0,,,,True,,GET,http://192.168.100.184,HTTP/1.1,default,,200.0,,,http://192.168.100.184,,
http_reqs,1682420735,1.0,,,,True,,GET,http://192.168.100.184,HTTP/1.1,default,,200.0,,,http://192.168.100.184,,
http_reqs,1682420735,1.0,,,,True,,GET,http://192.168.100.184,HTTP/1.1,default,,200.0,,,http://192.168.100.184,,
http_reqs,1682420736,1.0,,,,True,,GET,http://192.168.100.184,HTTP/1.1,default,,200.0,,,http://192.168.100.184,,
http_reqs,1682420736,1.0,,,,True,,GET,http://192.168.100.184,HTTP/1.1,default,,200.0,,,http://192.168.100.184,,
http_reqs,1682420736,1.0,,,,True,,GET,http://192.168.100.184,HTTP/1.1,default,,200.0,,,http://192.168.100.184,,
http_reqs,1682420737,1.0,,,,True,,GET,http://192.168.100.184,HTTP/1.1,default,,200.0,,,http://192.168.100.184,,
http_reqs,1682420737,1.0,,,,True,,GET,http://192.168.100.184,HTTP/1.1,default,,200.0,,,http://192.168.100.184,,
http_reqs,1682420737,1.0,,,,True,,GET,http://192.168.100.184,HTTP/1.1,default,,200.0,,,http://192.168.100.184,,
http_reqs,1682420738,1.0,,,,True,,GET,http://192.168.100.184,HTTP/1.1,default,,200.0,,,http://192.168.100.184,,
http_reqs,1682420738,1.0,,,,True,,GET,http://192.168.100.184,HTTP/1.1,default,,200.0,,,http://192.168.100.184,,
http_reqs,1682420738,1.0,,,,True,,GET,http://192.168.100.184,HTTP/1.1,default,,200.0,,,http://192.168.100.184,,
http_reqs,1682420739,1.0,,,,True,,GET,http://192.168.100.184,HTTP/1.1,default,,200.0,,,http://192.168.100.184,,
http_reqs,1682420739,1.0,,,,True,,GET,http://192.168.100.184,HTTP/1.1,default,,200.0,,,http://192.168.100.184,,
http_reqs,1682420739,1.0,,,,True,,GET,http://192.168.100.184,HTTP/1.1,default,,200.0,,,http://192.168.100.184,,
http_reqs,1682420740,1.0,,,,True,,GET,http://192.168.100.184,HTTP/1.1,default,,200.0,,,http://192.168.100.184,,
http_reqs,1682420740,1.0,,,,True,,GET,http://192.168.100.184,HTTP/1.1,default,,200.0,,,http://192.168.100.184,,
http_reqs,1682420740,1.0,,,,True,,GET,http://192.168.100.184,HTTP/1.1,default,,200.0,,,http://192.168.100.184,,
http_reqs,1682420741,1.0,,,,True,,GET,http://192.168.100.184,HTTP/1.1,default,,200.0,,,http://192.168.100.184,,
http_reqs,1682420741,1.0,,,,True,,GET,http://192.168.100.184,HTTP/1.1,default,,200.0,,,http://192.168.100.184,,
http_reqs,1682420741,1.0,,,,True,,GET,http://192.168.100.184,HTTP/1.1,default,,200.0,,,http://192.168.100.184,,
http_reqs,1682420742,1.0,,,,True,,GET,http://192.168.100.184,HTTP/1.1,default,,200.0,,,http://192.168.100.184,,
http_reqs,1682420742,1.0,,,,True,,GET,http://192.168.100.184,HTTP/1.1,default,,200.0,,,http://192.168.100.184,,
http_reqs,1682420742,1.0,,,,True,,GET,http://192.168.100.184,HTTP/1.1,default,,200.0,,,http://192.168.100.184,,
http_reqs,1682420743,1.0,,,,True,,GET,http://192.168.100.184,HTTP/1.1,default,,200.0,,,http://192.168.100.184,,
http_reqs,1682420743,1.0,,,,True,,GET,http://192.168.100.184,HTTP/1.1,default,,200.0,,,http://192.168.100.184,,
http_reqs,1682420743,1.0,,,,True,,GET,http://192.168.100.184,HTTP/1.1,default,,200.0,,,http://192.168.100.184,,
http_reqs,1682420744,1.0,,,,True,,GET,http://192.168.100.184,HTTP/1.1,default,,200.0,,,http://192.168.100.184,,
http_reqs,1682420744,1.0,,,,True,,GET,http://192.168.100.184,HTTP/1.1,default,,200.0,,,http://192.168.100.184,,
http_reqs,1682420744,1.0,,,,True,,GET,http://192.168.100.184,HTTP/1.1,default,,200.0,,,http://192.168.100.184,,
http_reqs,1682420745,1.0,,,,True,,GET,http://192.168.100.184,HTTP/1.1,default,,200.0,,,http://192.168.100.184,,
http_reqs,1682420745,1.0,,,,True,,GET,http://192.168.100.184,HTTP/1.1,default,,200.0,,,http://192.168.100.184,,
http_reqs,1682420745,1.0,,,,True,,GET,http://192.168.100.184,HTTP/1.1,default,,200.0,,,http://192.168.100.184,,
http_reqs,1682420746,1.0,,,,True,,GET,http://192.168.100.184,HTTP/1.1,default,,200.0,,,http://192.168.100.184,,
http_reqs,1682420746,1.0,,,,True,,GET,http://192.168.100.184,HTTP/1.1,default,,200.0,,,http://192.168.100.184,,
http_reqs,1682420746,1.0,,,,True,,GET,http://192.168.100.184,HTTP/1.1,default,,200.0,,,http://192.168.100.184,,
http_reqs,1682420747,1.0,,,,True,,GET,http://192.168.100.184,HTTP/1.1,default,,200.0,,,http://192.168.100.184,,
http_reqs,1682420747,1.0,,,,True,,GET,http://192.168.100.184,HTTP/1.1,default,,200.0,,,http://192.168.100.184,,
http_reqs,1682420748,1.0,,,,True,,GET,http://192.168.100.184,HTTP/1.1,default,,200.0,,,http://192.168.100.184,,
http_reqs,1682420748,1.0,,,,True,,GET,http://192.168.100.184,HTTP/1.1,default,,200.0,,,http://192.168.100.184,,
http_reqs,1682420749,1.0,,,,True,,GET,http://192.168.100.184,HTTP/1.1,default,,200.0,,,http://192.168.100.184,,
http_reqs,1682420749,1.0,,,,True,,GET,http://192.168.100.184,HTTP/1.1,default,,200.0,,,http://192.168.100.184,,
http_reqs,1682420749,1.0,,,,True,,GET,http://192.168.100.184,HTTP/1.1,default,,200.0,,,http://192.168.100.184,,
http_reqs,1682420750,1.0,,,,True,,GET,http://192.168.100.184,HTTP/1.1,default,,200.0,,,http://192.168.100.184,,
http_reqs,1682420750,1.0,,,,True,,GET,http://192.168.100.184,HTTP/1.1,default,,200.0,,,http://192.168.100.184,,
http_reqs,1682420750,1.0,,,,True,,GET,http://192.168.100.184,HTTP/1.1,default,,200.0,,,http://192.168.100.184,,
http_reqs,1682420751,1.0,,,,True,,GET,http://192.168.100.184,HTTP/1.1,default,,200.0,,,http://192.168.100.184,,
http_reqs,1682420751,1.0,,,,True,,GET,http://192.168.100.184,HTTP/1.1,default,,200.0,,,http://192.168.100.184,,
http_reqs,1682420751,1.0,,,,True,,GET,http://192.168.100.184,HTTP/1.1,default,,200.0,,,http://192.168.100.184,,
http_reqs,1682420752,1.0,,,,True,,GET,http://192.168.100.184,HTTP/1.1,default,,200.0,,,http://192.168.100.184,,
http_reqs,1682420752,1.0,,,,True,,GET,http://192.168.100.184,HTTP/1.1,default,,200.0,,,http://192.168.100.184,,
http_reqs,1682420753,1.0,,,,True,,GET,http://192.168.100.184,HTTP/1.1,default,,200.0,,,http://192.168.100.184,,
http_reqs,1682420753,1.0,,,,True,,GET,http://192.168.100.184,HTTP/1.1,default,,200.0,,,http://192.168.100.184,,
http_reqs,1682420753,1.0,,,,True,,GET,http://192.168.100.184,HTTP/1.1,default,,200.0,,,http://192.168.100.184,,
http_reqs,1682420754,1.0,,,,True,,GET,http://192.168.100.184,HTTP/1.1,default,,200.0,,,http://192.168.100.184,,
http_reqs,1682420754,1.0,,,,True,,GET,http://192.168.100.184,HTTP/1.1,default,,200.0,,,http://192.168.100.184,,
http_reqs,1682420754,1.0,,,,True,,GET,http://192.168.100.184,HTTP/1.1,default,,200.0,,,http://192.168.100.184,,
http_reqs,1682420755,1.0,,,,True,,GET,http://192.168.100.184,HTTP/1.1,default,,200.0,,,http://192.168.100.184,,
http_reqs,1682420755,1.0,,,,True,,GET,http://192.168.100.184,HTTP/1.1,default,,200.0,,,http://192.168.100.184,,
http_reqs,1682420755,1.0,,,,True,,GET,http://192.168.100.184,HTTP/1.1,default,,200.0,,,http://192.168.100.184,,
http_reqs,1682420756,1.0,,,,True,,GET,http://192.168.100.184,HTTP/1.1,default,,200.0,,,http://192.168.100.184,,
http_reqs,1682420756,1.0,,,,True,,GET,http://192.168.100.184,HTTP/1.1,default,,200.0,,,http://192.168.100.184,,
http_reqs,1682420756,1.0,,,,True,,GET,http://192.168.100.184,HTTP/1.1,default,,200.0,,,http://192.168.100.184,,
http_reqs,1682420757,1.0,,,,True,,GET,http://192.168.100.184,HTTP/1.1,default,,200.0,,,http://192.168.100.184,,
http_reqs,1682420757,1.0,,,,True,,GET,http://192.168.100.184,HTTP/1.1,default,,200.0,,,http://192.168.100.184,,
http_reqs,1682420757,1.0,,,,True,,GET,http://192.168.100.184,HTTP/1.1,default,,200.0,,,http://192.168.100.184,,
http_reqs,1682420758,1.0,,,,True,,GET,http://192.168.100.184,HTTP/1.1,default,,200.0,,,http://192.168.100.184,,
http_reqs,1682420758,1.0,,,,True,,GET,http://192.168.100.184,HTTP/1.1,default,,200.0,,,http://192.168.100.184,,
http_reqs,1682420758,1.0,,,,True,,GET,http://192.168.100.184,HTTP/1.1,default,,200.0,,,http://192.168.100.184,,
http_reqs,1682420759,1.0,,,,True,,GET,http://192.168.100.184,HTTP/1.1,default,,200.0,,,http://192.168.100.184,,
http_reqs,1682420759,1.0,,,,True,,GET,http://192.168.100.184,HTTP/1.1,default,,200.0,,,http://192.168.100.184,,
http_reqs,1682420759,1.0,,,,True,,GET,http://192.168.100.184,HTTP/1.1,default,,200.0,,,http://192.168.100.184,,
http_reqs,1682420760,1.0,,,,True,,GET,http://192.168.100.184,HTTP/1.1,default,,200.0,,,http://192.168.100.184,,
http_reqs,1682420760,1.0,,,,True,,GET,http://192.168.100.184,HTTP/1.1,default,,200.0,,,http://192.168.100.184,,
http_reqs,1682420760,1.0,,,,True,,GET,http://192.168.100.184,HTTP/1.1,default,,200.0,,,http://192.168.100.184,,
http_reqs,1682420761,1.0,,,,True,,GET,http://192.168.100.184,HTTP/1.1,default,,200.0,,,http://192.168.100.184,,
http_reqs,1682420761,1.0,,,,True,,GET,http://192.168.100.184,HTTP/1.1,default,,200.0,,,http://192.168.100.184,,
http_reqs,1682420761,1.0,,,,True,,GET,http://192.168.100.184,HTTP/1.1,default,,200.0,,,http://192.168.100.184,,
http_reqs,1682420762,1.0,,,,True,,GET,http://192.168.100.184,HTTP/1.1,default,,200.0,,,http://192.168.100.184,,
http_reqs,1682420762,1.0,,,,True,,GET,http://192.168.100.184,HTTP/1.1,default,,200.0,,,http://192.168.100.184,,
http_reqs,1682420762,1.0,,,,True,,GET,http://192.168.100.184,HTTP/1.1,default,,200.0,,,http://192.168.100.184,,
http_reqs,1682420763,1.0,,,,True,,GET,http://192.168.100.184,HTTP/1.1,default,,200.0,,,http://192.168.100.184,,
http_reqs,1682420763,1.0,,,,True,,GET,http://192.168.100.184,HTTP/1.1,default,,200.0,,,http://192.168.100.184,,
http_reqs,1682420763,1.0,,,,True,,GET,http://192.168.100.184,HTTP/1.1,default,,200.0,,,http://192.168.100.184,,
http_reqs,1682420764,1.0,,,,True,,GET,http://192.168.100.184,HTTP/1.1,default,,200.0,,,http://192.168.100.184,,
http_reqs,1682420764,1.0,,,,True,,GET,http://192.168.100.184,HTTP/1.1,default,,200.0,,,http://192.168.100.184,,
http_reqs,1682420764,1.0,,,,True,,GET,http://192.168.100.184,HTTP/1.1,default,,200.0,,,http://192.168.100.184,,
http_reqs,1682420765,1.0,,,,True,,GET,http://192.168.100.184,HTTP/1.1,default,,200.0,,,http://192.168.100.184,,
http_reqs,1682420765,1.0,,,,True,,GET,http://192.168.100.184,HTTP/1.1,default,,200.0,,,http://192.168.100.184,,
http_reqs,1682420765,1.0,,,,True,,GET,http://192.168.100.184,HTTP/1.1,default,,200.0,,,http://192.168.100.184,,
http_reqs,1682420766,1.0,,,,True,,GET,http://192.168.100.184,HTTP/1.1,default,,200.0,,,http://192.168.100.184,,
http_reqs,1682420766,1.0,,,,True,,GET,http://192.168.100.184,HTTP/1.1,default,,200.0,,,http://192.168.100.184,,
http_reqs,1682420766,1.0,,,,True,,GET,http://192.168.100.184,HTTP/1.1,default,,200.0,,,http://192.168.100.184,,
http_reqs,1682420767,1.0,,,,True,,GET,http://192.168.100.184,HTTP/1.1,default,,200.0,,,http://192.168.100.184,,
http_reqs,1682420767,1.0,,,,True,,GET,http://192.168.100.184,HTTP/1.1,default,,200.0,,,http://192.168.100.184,,
http_reqs,1682420767,1.0,,,,True,,GET,http://192.168.100.184,HTTP/1.1,default,,200.0,,,http://192.168.100.184,,
http_reqs,1682420768,1.0,,,,True,,GET,http://192.168.100.184,HTTP/1.1,default,,200.0,,,http://192.168.100.184,,
http_reqs,1682420768,1.0,,,,True,,GET,http://192.168.100.184,HTTP/1.1,default,,200.0,,,http://192.168.100.184,,
http_reqs,1682420768,1.0,,,,True,,GET,http://192.168.100.184,HTTP/1.1,default,,200.0,,,http://192.168.100.184,,
http_reqs,1682420769,1.0,,,,True,,GET,http://192.168.100.184,HTTP/1.1,default,,200.0,,,http://192.168.100.184,,
http_reqs,1682420769,1.0,,,,True,,GET,http://192.168.100.184,HTTP/1.1,default,,200.0,,,http://192.168.100.184,,
http_reqs,1682420769,1.0,,,,True,,GET,http://192.168.100.184,HTTP/1.1,default,,200.0,,,http://192.168.100.184,,
http_reqs,1682420770,1.0,,,,True,,GET,http://192.168.100.184,HTTP/1.1,default,,200.0,,,http://192.168.100.184,,
http_reqs,1682420770,1.0,,,,True,,GET,http://192.168.100.184,HTTP/1.1,default,,200.0,,,http://192.168.100.184,,
http_reqs,1682420770,1.0,,,,True,,GET,http://192.168.100.184,HTTP/1.1,default,,200.0,,,http://192.168.100.184,,
http_reqs,1682420771,1.0,,,,True,,GET,http://192.168.100.184,HTTP/1.1,default,,200.0,,,http://192.168.100.184,,
http_reqs,1682420771,1.0,,,,True,,GET,http://192.168.100.184,HTTP/1.1,default,,200.0,,,http://192.168.100.184,,
http_reqs,1682420771,1.0,,,,True,,GET,http://192.168.100.184,HTTP/1.1,default,,200.0,,,http://192.168.100.184,,
http_reqs,1682420772,1.0,,,,True,,GET,http://192.168.100.184,HTTP/1.1,default,,200.0,,,http://192.168.100.184,,
http_reqs,1682420772,1.0,,,,True,,GET,http://192.168.100.184,HTTP/1.1,default,,200.0,,,http://192.168.100.184,,
http_reqs,1682420772,1.0,,,,True,,GET,http://192.168.100.184,HTTP/1.1,default,,200.0,,,http://192.168.100.184,,
http_reqs,1682420773,1.0,,,,True,,GET,http://192.168.100.184,HTTP/1.1,default,,200.0,,,http://192.168.100.184,,
http_reqs,1682420773,1.0,,,,True,,GET,http://192.168.100.184,HTTP/1.1,default,,200.0,,,http://192.168.100.184,,
http_reqs,1682420773,1.0,,,,True,,GET,http://192.168.100.184,HTTP/1.1,default,,200.0,,,http://192.168.100.184,,
http_reqs,1682420774,1.0,,,,True,,GET,http://192.168.100.184,HTTP/1.1,default,,200.0,,,http://192.168.100.184,,
http_reqs,1682420774,1.0,,,,True,,GET,http://192.168.100.184,HTTP/1.1,default,,200.0,,,http://192.168.100.184,,
http_reqs,1682420774,1.0,,,,True,,GET,http://192.168.100.184,HTTP/1.1,default,,200.0,,,http://192.168.100.184,,
http_reqs,1682420775,1.0,,,,True,,GET,http://192.168.100.184,HTTP/1.1,default,,200.0,,,http://192.168.100.184,,
http_reqs,1682420775,1.0,,,,True,,GET,http://192.168.100.184,HTTP/1.1,default,,200.0,,,http://192.168.100.184,,
http_reqs,1682420775,1.0,,,,True,,GET,http://192.168.100.184,HTTP/1.1,default,,200.0,,,http://192.168.100.184,,
http_reqs,1682420776,1.0,,,,True,,GET,http://192.168.100.184,HTTP/1.1,default,,200.0,,,http://192.168.100.184,,
http_reqs,1682420776,1.0,,,,True,,GET,http://192.168.100.184,HTTP/1.1,default,,200.0,,,http://192.168.100.184,,
http_reqs,1682420776,1.0,,,,True,,GET,http://192.168.100.184,HTTP/1.1,default,,200.0,,,http://192.168.100.184,,
http_reqs,1682420777,1.0,,,,True,,GET,http://192.168.100.184,HTTP/1.1,default,,200.0,,,http://192.168.100.184,,
http_reqs,1682420777,1.0,,,,True,,GET,http://192.168.100.184,HTTP/1.1,default,,200.0,,,http://192.168.100.184,,
http_reqs,1682420777,1.0,,,,True,,GET,http://192.168.100.184,HTTP/1.1,default,,200.0,,,http://192.168.100.184,,
http_reqs,1682420778,1.0,,,,True,,GET,http://192.168.100.184,HTTP/1.1,default,,200.0,,,http://192.168.100.184,,
http_reqs,1682420778,1.0,,,,True,,GET,http://192.168.100.184,HTTP/1.1,default,,200.0,,,http://192.168.100.184,,
http_reqs,1682420778,1.0,,,,True,,GET,http://192.168.100.184,HTTP/1.1,default,,200.0,,,http://192.168.100.184,,
http_reqs,1682420779,1.0,,,,True,,GET,http://192.168.100.184,HTTP/1.1,default,,200.0,,,http://192.168.100.184,,
http_reqs,1682420779,1.0,,,,True,,GET,http://192.168.100.184,HTTP/1.1,default,,200.0,,,http://192.168.100.184,,
http_reqs,1682420779,1.0,,,,True,,GET,http://192.168.100.184,HTTP/1.1,default,,200.0,,,http://192.168.100.184,,
http_reqs,1682420780,1.0,,,,True,,GET,http://192.168.100.184,HTTP/1.1,default,,200.0,,,http://192.168.100.184,,
http_reqs,1682420780,1.0,,,,True,,GET,http://192.168.100.184,HTTP/1.1,default,,200.0,,,http://192.168.100.184,,
http_reqs,1682420780,1.0,,,,True,,GET,http://192.168.100.184,HTTP/1.1,default,,200.0,,,http://192.168.100.184,,
http_reqs,1682420781,1.0,,,,True,,GET,http://192.168.100.184,HTTP/1.1,default,,200.0,,,http://192.168.100.184,,
http_reqs,1682420781,1.0,,,,True,,GET,http://192.168.100.184,HTTP/1.1,default,,200.0,,,http://192.168.100.184,,
http_reqs,1682420781,1.0,,,,True,,GET,http://192.168.100.184,HTTP/1.1,default,,200.0,,,http://192.168.100.184,,
http_reqs,1682420782,1.0,,,,True,,GET,http://192.168.100.184,HTTP/1.1,default,,200.0,,,http://192.168.100.184,,
http_reqs,1682420782,1.0,,,,True,,GET,http://192.168.100.184,HTTP/1.1,default,,200.0,,,http://192.168.100.184,,
http_reqs,1682420782,1.0,,,,True,,GET,http://192.168.100.184,HTTP/1.1,default,,200.0,,,http://192.168.100.184,,
http_reqs,1682420783,1.0,,,,True,,GET,http://192.168.100.184,HTTP/1.1,default,,200.0,,,http://192.168.100.184,,
http_reqs,1682420783,1.0,,,,True,,GET,http://192.168.100.184,HTTP/1.1,default,,200.0,,,http://192.168.100.184,,
http_reqs,1682420783,1.0,,,,True,,GET,http://192.168.100.184,HTTP/1.1,default,,200.0,,,http://192.168.100.184,,
http_reqs,1682420784,1.0,,,,True,,GET,http://192.168.100.184,HTTP/1.1,default,,200.0,,,http://192.168.100.184,,
http_reqs,1682420784,1.0,,,,True,,GET,http://192.168.100.184,HTTP/1.1,default,,200.0,,,http://192.168.100.184,,
http_reqs,1682420784,1.0,,,,True,,GET,http://192.168.100.184,HTTP/1.1,default,,200.0,,,http://192.168.100.184,,
http_reqs,1682420785,1.0,,,,True,,GET,http://192.168.100.184,HTTP/1.1,default,,200.0,,,http://192.168.100.184,,
http_reqs,1682420785,1.0,,,,True,,GET,http://192.168.100.184,HTTP/1.1,default,,200.0,,,http://192.168.100.184,,
http_reqs,1682420785,1.0,,,,True,,GET,http://192.168.100.184,HTTP/1.1,default,,200.0,,,http://192.168.100.184,,
http_reqs,1682420786,1.0,,,,True,,GET,http://192.168.100.184,HTTP/1.1,default,,200.0,,,http://192.168.100.184,,
http_reqs,1682420786,1.0,,,,True,,GET,http://192.168.100.184,HTTP/1.1,default,,200.0,,,http://192.168.100.184,,
http_reqs,1682420786,1.0,,,,True,,GET,http://192.168.100.184,HTTP/1.1,default,,200.0,,,http://192.168.100.184,,
http_reqs,1682420787,1.0,,,,True,,GET,http://192.168.100.184,HTTP/1.1,default,,200.0,,,http://192.168.100.184,,
http_reqs,1682420787,1.0,,,,True,,GET,http://192.168.100.184,HTTP/1.1,default,,200.0,,,http://192.168.100.184,,
http_reqs,1682420787,1.0,,,,True,,GET,http://192.168.100.184,HTTP/1.1,default,,200.0,,,http://192.168.100.184,,
http_reqs,1682420788,1.0,,,,True,,GET,http://192.168.100.184,HTTP/1.1,default,,200.0,,,http://192.168.100.184,,
http_reqs,1682420788,1.0,,,,True,,GET,http://192.168.100.184,HTTP/1.1,default,,200.0,,,http://192.168.100.184,,
http_reqs,1682420788,1.0,,,,True,,GET,http://192.168.100.184,HTTP/1.1,default,,200.0,,,http://192.168.100.184,,
http_reqs,1682420789,1.0,,,,True,,GET,http://192.168.100.184,HTTP/1.1,default,,200.0,,,http://192.168.100.184,,
http_reqs,1682420789,1.0,,,,True,,GET,http://192.168.100.184,HTTP/1.1,default,,200.0,,,http://192.168.100.184,,
http_reqs,1682420789,1.0,,,,True,,GET,http://192.168.100.184,HTTP/1.1,default,,200.0,,,http://192.168.100.184,,
http_reqs,1682420790,1.0,,,,True,,GET,http://192.168.100.184,HTTP/1.1,default,,200.0,,,http://192.168.100.184,,
http_reqs,1682420790,1.0,,,,True,,GET,http://192.168.100.184,HTTP/1.1,default,,200.0,,,http://192.168.100.184,,
http_reqs,1682420790,1.0,,,,True,,GET,http://192.168.100.184,HTTP/1.1,default,,200.0,,,http://192.168.100.184,,
